Funcs_109_13.Functions.Tanks.Other.CriticalReseroirDesaturation	Alm.AlarmHalm
Funcs_109_13.Functions.Tanks.Gas.GasLevelLimitAtReservoirControlRoom	Alm.AlarmGasKare
Funcs_109_13.Functions.Tanks.Gas.RemainingOfHighGasLevelAtReservoirControlRoom	Alm.AlarmGasKare
Funcs_109_13.Functions.Tanks.Level.LowCriticalLevelAtReservoir	Alm.AlarmMinAlarmLevel
Func_109_17.Functions.Tanks.Gas.GasAtTheRainWellOfTheTank	Alm.AlarmGasKare
Funcs_109_13.Functions.Tanks.Level.HighAllowedLevelAtReservoir	Alm.AlarmMaxLevel
Funcs_109_13.Functions.Tanks.FillingSpeed.CriticalMaxOfReservoirDumpingSpeed	Alm.AlarmDrainSpeed
Funcs_109_13.Functions.Tanks.Level.HighCriticalLevelAtReservoirIncludingEmergencyTank	Alm.AlarmMaxAlarmLevel
Funcs_109_13.Functions.Tanks.Gas.HighGasLevelAtReservoirControlRoom	Alm.AlarmGasKare
Funcs_109_13.Functions.Tanks.Gas.FalseGasLevelMeasurementAtReservoirControlRoom	Alm.AlarmGasKare
Funcs_109_13.Functions.Fire.FireForHeadPS.CriticalReservoirAtHeadPS	Alm.AlarmFire
Funcs_109_13.Functions.Tanks.Level.LowAllowedLevelAtReservoir	Alm.AlarmMinLevel
Funcs_109_13.Functions.Tanks.Level.HighStandardLevelAtReservoir	Alm.MaxNormLevel
Funcs_109_13.Functions.Fire.FireForHeadPS.ReservoirControlRoomAtHeadPS	Alm.AlarmFire
Funcs_109_13.Functions.Fire.FireForHeadPS.TankFramAtHeadPS	Alm.AlarmFire
